Date, Organic pages (Average volume - All locations), Organic traffic (Average volume - All locations)
2024-04-07, 0, 0
2024-04-08, 0, 0
2024-04-09, 0, 0
2024-04-10, 0, 0
2024-04-11, 0, 0
2024-04-12, 0, 0
2024-04-13, 0, 0
2024-04-14, 0, 0
2024-04-15, 0, 0
2024-04-16, 0, 0
2024-04-17, 0, 0
2024-04-18, 0, 0
2024-04-19, 0, 0
2024-04-20, 0, 0
2024-04-21, 0, 0
2024-04-22, 0, 0
2024-04-23, 0, 0
2024-04-24, 0, 0
2024-04-25, 0, 0
2024-04-26, 0, 0
2024-04-27, 0, 0
2024-04-28, 0, 0
2024-04-29, 0, 0
2024-04-30, 0, 0
2024-05-01, 0, 0
2024-05-02, 0, 0
2024-05-03, 0, 0
2024-05-04, 0, 0
2024-05-05, 0, 0
2024-05-06, 0, 0
2024-05-07, 0, 0
2024-05-08, 0, 0
2024-05-09, 0, 0
2024-05-10, 0, 0
2024-05-11, 0, 0
2024-05-12, 0, 0
2024-05-13, 0, 0
2024-05-14, 0, 0
2024-05-15, 0, 0
2024-05-16, 0, 0
2024-05-17, 0, 0
2024-05-18, 0, 0
2024-05-19, 0, 0
2024-05-20, 0, 0
2024-05-21, 0, 0
2024-05-22, 0, 0
2024-05-23, 0, 0
2024-05-24, 0, 0
2024-05-25, 0, 0
2024-05-26, 0, 0
2024-05-27, 0, 0
2024-05-28, 0, 0
2024-05-29, 0, 0
2024-05-30, 0, 0
2024-05-31, 0, 0
2024-06-01, 0, 0
2024-06-02, 0, 0
2024-06-03, 0, 0
2024-06-04, 0, 0
2024-06-05, 0, 0
2024-06-06, 0, 0
2024-06-07, 0, 0
2024-06-08, 0, 0
2024-06-09, 0, 0
2024-06-10, 0, 0
2024-06-11, 0, 0
2024-06-12, 0, 0
2024-06-13, 0, 0
2024-06-14, 0, 0
2024-06-15, 0, 0
2024-06-16, 0, 0
2024-06-17, 0, 0
2024-06-18, 0, 0
2024-06-19, 0, 0
2024-06-20, 0, 0
2024-06-21, 0, 0
2024-06-22, 0, 0
2024-06-23, 0, 0
2024-06-24, 0, 0
2024-06-25, 0, 0
2024-06-26, 0, 0
2024-06-27, 0, 0
2024-06-28, 0, 0
2024-06-29, 0, 0
2024-06-30, 0, 0
2024-07-01, 0, 0
2024-07-02, 0, 0
2024-07-03, 0, 0
2024-07-04, 0, 0
2024-07-05, 0, 0
2024-07-06, 0, 0
2024-07-07, 0, 0
2024-07-08, 0, 0
2024-07-09, 0, 0
2024-07-10, 0, 0
2024-07-11, 0, 0
2024-07-12, 0, 0
2024-07-13, 0, 0
2024-07-14, 0, 0
2024-07-15, 0, 0
2024-07-16, 0, 0
2024-07-17, 0, 0
2024-07-18, 0, 0
2024-07-19, 0, 0
2024-07-20, 0, 0
2024-07-21, 0, 0
2024-07-22, 0, 0
2024-07-23, 0, 0
2024-07-24, 0, 0
2024-07-25, 0, 0
2024-07-26, 0, 0
2024-07-27, 0, 0
2024-07-28, 0, 0
2024-07-29, 0, 0
2024-07-30, 0, 0
2024-07-31, 0, 0
2024-08-01, 0, 0
2024-08-02, 0, 0
2024-08-03, 0, 0
2024-08-04, 0, 0
2024-08-05, 0, 0
2024-08-06, 0, 0
2024-08-07, 0, 0
2024-08-08, 0, 0
2024-08-09, 0, 0
2024-08-10, 0, 0
2024-08-11, 0, 0
2024-08-12, 0, 0
2024-08-13, 0, 0
2024-08-14, 0, 0
2024-08-15, 0, 0
2024-08-16, 0, 0
2024-08-17, 0, 0
2024-08-18, 0, 0
2024-08-19, 0, 0
2024-08-20, 0, 0
2024-08-21, 0, 0
2024-08-22, 0, 0
2024-08-23, 0, 0
2024-08-24, 0, 0
2024-08-25, 0, 0
2024-08-26, 0, 0
2024-08-27, 0, 0
2024-08-28, 0, 0
2024-08-29, 0, 0
2024-08-30, 0, 0
2024-08-31, 0, 0
2024-09-01, 0, 0
2024-09-02, 0, 0
2024-09-03, 0, 0
2024-09-04, 0, 0
2024-09-05, 0, 0
2024-09-06, 0, 0
2024-09-07, 0, 0
2024-09-08, 0, 0
2024-09-09, 0, 0
2024-09-10, 0, 0
2024-09-11, 0, 0
2024-09-12, 0, 0
2024-09-13, 0, 0
2024-09-14, 0, 0
2024-09-15, 0, 0
2024-09-16, 0, 0
2024-09-17, 0, 0
2024-09-18, 0, 0
2024-09-19, 0, 0
2024-09-20, 0, 0
2024-09-21, 0, 0
2024-09-22, 0, 0
2024-09-23, 0, 0
2024-09-24, 0, 0
2024-09-25, 0, 0
2024-09-26, 0, 0
2024-09-27, 0, 0
2024-09-28, 0, 0
2024-09-29, 0, 0
2024-09-30, 0, 0
2024-10-01, 0, 0
2024-10-02, 0, 0
2024-10-03, 0, 0
2024-10-04, 0, 0
2024-10-05, 0, 0
2024-10-06, 0, 0
2024-10-07, 0, 0
2024-10-08, 0, 0
2024-10-09, 0, 0
2024-10-10, 0, 0
2024-10-11, 0, 0
2024-10-12, 0, 0
2024-10-13, 0, 0
2024-10-14, 0, 0
2024-10-15, 0, 0
2024-10-16, 0, 0
2024-10-17, 0, 0
2024-10-18, 0, 0
2024-10-19, 0, 0
2024-10-20, 0, 0
2024-10-21, 0, 0
2024-10-22, 0, 0
2024-10-23, 0, 0
2024-10-24, 0, 0
2024-10-25, 0, 0
2024-10-26, 0, 0
2024-10-27, 0, 0
2024-10-28, 0, 0
2024-10-29, 0, 0
2024-10-30, 0, 0
2024-10-31, 0, 0
2024-11-01, 0, 0
2024-11-02, 0, 0
2024-11-03, 0, 0
2024-11-04, 0, 0
2024-11-05, 0, 0
2024-11-06, 0, 0
2024-11-07, 0, 0
2024-11-08, 0, 0
2024-11-09, 0, 0
2024-11-10, 0, 0
2024-11-11, 0, 0
2024-11-12, 0, 0
2024-11-13, 0, 0
2024-11-14, 0, 0
2024-11-15, 0, 0
2024-11-16, 0, 0
2024-11-17, 0, 0
2024-11-18, 0, 0
2024-11-19, 0, 0
2024-11-20, 0, 0
2024-11-21, 0, 0
2024-11-22, 0, 0
2024-11-23, 0, 0
2024-11-24, 0, 0
2024-11-25, 0, 0
2024-11-26, 0, 0
2024-11-27, 0, 0
2024-11-28, 0, 0
2024-11-29, 0, 0
2024-11-30, 0, 0
2024-12-01, 0, 0
2024-12-02, 0, 0
2024-12-03, 0, 0
2024-12-04, 0, 0
2024-12-05, 0, 0
2024-12-06, 0, 0
2024-12-07, 0, 0
2024-12-08, 0, 0
2024-12-09, 0, 0
2024-12-10, 0, 0
2024-12-11, 0, 0
2024-12-12, 0, 0
2024-12-13, 0, 0
2024-12-14, 0, 0
2024-12-15, 0, 0
2024-12-16, 0, 0
2024-12-17, 0, 0
2024-12-18, 0, 0
2024-12-19, 0, 0
2024-12-20, 0, 0
2024-12-21, 0, 0
2024-12-22, 0, 0
2024-12-23, 0, 0
2024-12-24, 0, 0
2024-12-25, 0, 0
2024-12-26, 0, 0
2024-12-27, 0, 0
2024-12-28, 0, 0
2024-12-29, 0, 0
2024-12-30, 0, 0
2024-12-31, 0, 0
2025-01-01, 0, 0
2025-01-02, 0, 0
2025-01-03, 0, 0
2025-01-04, 0, 0
2025-01-05, 0, 0
2025-01-06, 0, 0
2025-01-07, 0, 0
2025-01-08, 0, 0
2025-01-09, 0, 0
2025-01-10, 0, 0
2025-01-11, 0, 0
2025-01-12, 0, 0
2025-01-13, 0, 0
2025-01-14, 0, 0
2025-01-15, 0, 0
2025-01-16, 0, 0
2025-01-17, 0, 0
2025-01-18, 0, 0
2025-01-19, 0, 0
2025-01-20, 0, 0
2025-01-21, 0, 0
2025-01-22, 0, 0
2025-01-23, 0, 0
2025-01-24, 0, 0
2025-01-25, 0, 0
2025-01-26, 0, 0
2025-01-27, 0, 0
2025-01-28, 0, 0
2025-01-29, 0, 0
2025-01-30, 0, 0
2025-01-31, 0, 0
2025-02-01, 0, 0
2025-02-02, 0, 0
2025-02-03, 0, 0
2025-02-04, 0, 0
2025-02-05, 0, 0
2025-02-06, 0, 0
2025-02-07, 0, 0
2025-02-08, 0, 0
2025-02-09, 0, 0
2025-02-10, 0, 0
2025-02-11, 0, 0
2025-02-12, 0, 0
2025-02-13, 0, 0
2025-02-14, 0, 0
2025-02-15, 0, 0
2025-02-16, 0, 0
2025-02-17, 0, 0
2025-02-18, 0, 0
2025-02-19, 0, 0
2025-02-20, 0, 0
2025-02-21, 0, 0
2025-02-22, 0, 0
2025-02-23, 0, 0
2025-02-24, 0, 0
2025-02-25, 0, 0
2025-02-26, 0, 0
2025-02-27, 0, 0
2025-02-28, 0, 0
2025-03-01, 0, 0
2025-03-02, 0, 0
2025-03-03, 0, 0
2025-03-04, 0, 0
2025-03-05, 0, 0
2025-03-06, 0, 0
2025-03-07, 0, 0
2025-03-08, 0, 0
2025-03-09, 0, 0
2025-03-10, 0, 0
2025-03-11, 0, 0
2025-03-12, 0, 0
2025-03-13, 0, 0
2025-03-14, 0, 0
2025-03-15, 0, 0
2025-03-16, 0, 0
2025-03-17, 0, 0
2025-03-18, 0, 0
2025-03-19, 0, 0
2025-03-20, 0, 0
2025-03-21, 0, 0
2025-03-22, 0, 0
2025-03-23, 0, 0
2025-03-24, 0, 0
2025-03-25, 0, 0
2025-03-26, 0, 0
2025-03-27, 0, 0
2025-03-28, 0, 0
2025-03-29, 0, 0
2025-03-30, 0, 0
2025-03-31, 0, 0
2025-04-01, 0, 0
2025-04-02, 0, 0
2025-04-03, 0, 0
2025-04-04, 0, 0
2025-04-05, 0, 0
2025-04-06, 0, 0
2025-04-07, 0, 0
2025-04-08, 0, 0
2025-04-09, 0, 0
2025-04-10, 0, 0
2025-04-11, 0, 0
2025-04-12, 0, 0
2025-04-13, 0, 0
2025-04-14, 0, 0
2025-04-15, 0, 0
2025-04-16, 0, 0
2025-04-17, 0, 0
2025-04-18, 0, 0
2025-04-19, 0, 0
2025-04-20, 0, 0
2025-04-21, 0, 0
2025-04-22, 0, 0
2025-04-23, 0, 0
2025-04-24, 0, 0
2025-04-25, 0, 0
2025-04-26, 0, 0
2025-04-27, 0, 0
2025-04-28, 0, 0
2025-04-29, 0, 0
2025-04-30, 0, 0
2025-05-01, 0, 0
2025-05-02, 0, 0
2025-05-03, 0, 0
2025-05-04, 0, 0
2025-05-05, 0, 0
2025-05-06, 0, 0
2025-05-07, 0, 0
2025-05-08, 0, 0
2025-05-09, 0, 0
2025-05-10, 0, 0
2025-05-11, 0, 0
2025-05-12, 0, 0
2025-05-13, 0, 0
2025-05-14, 0, 0
2025-05-15, 0, 0
2025-05-16, 0, 0
2025-05-17, 0, 0
2025-05-18, 0, 0
2025-05-19, 0, 0
2025-05-20, 0, 0
2025-05-21, 0, 0
2025-05-22, 0, 0
2025-05-23, 0, 0
2025-05-24, 0, 0
2025-05-25, 0, 0
2025-05-26, 0, 0
2025-05-27, 0, 0
2025-05-28, 0, 0
2025-05-29, 0, 0
2025-05-30, 0, 0
2025-05-31, 0, 0
2025-06-01, 0, 0
2025-06-02, 0, 0
2025-06-03, 0, 0
2025-06-04, 0, 0
2025-06-05, 0, 0
2025-06-06, 0, 0
2025-06-07, 0, 0
2025-06-08, 0, 0
2025-06-09, 0, 0
2025-06-10, 0, 0
2025-06-11, 0, 0
2025-06-12, 0, 0
2025-06-13, 0, 0
2025-06-14, 0, 0
2025-06-15, 0, 0
2025-06-16, 0, 0
2025-06-17, 0, 0
2025-06-18, 0, 0
2025-06-19, 0, 0
2025-06-20, 0, 0
2025-06-21, 0, 0
2025-06-22, 0, 0
2025-06-23, 0, 0
2025-06-24, 0, 0
2025-06-25, 0, 0
2025-06-26, 0, 0
2025-06-27, 0, 0
2025-06-28, 0, 0
2025-06-29, 0, 0
2025-06-30, 0, 0
2025-07-01, 0, 0
2025-07-02, 0, 0
2025-07-03, 0, 0
2025-07-04, 0, 0
2025-07-05, 0, 0
2025-07-06, 0, 0
2025-07-07, 0, 0
2025-07-08, 0, 0
2025-07-09, 0, 0
2025-07-10, 0, 0
2025-07-11, 0, 0
2025-07-12, 0, 0
2025-07-13, 0, 0
2025-07-14, 0, 0
2025-07-15, 0, 0
2025-07-16, 0, 0
2025-07-17, 0, 0
2025-07-18, 0, 0
2025-07-19, 0, 0
2025-07-20, 0, 0
2025-07-21, 0, 0
2025-07-22, 0, 0
2025-07-23, 0, 0
2025-07-24, 0, 0
2025-07-25, 0, 0
2025-07-26, 0, 0
2025-07-27, 0, 0
2025-07-28, 0, 0
2025-07-29, 0, 0
2025-07-30, 0, 0
2025-07-31, 0, 0
2025-08-01, 0, 0
2025-08-02, 0, 0
2025-08-03, 0, 0
2025-08-04, 0, 0
2025-08-05, 0, 0
2025-08-06, 0, 0
2025-08-07, 0, 0
2025-08-08, 0, 0
2025-08-09, 0, 0
2025-08-10, 0, 0
2025-08-11, 0, 0
2025-08-12, 0, 0
2025-08-13, 0, 0
2025-08-14, 0, 0
2025-08-15, 0, 0
2025-08-16, 0, 0
2025-08-17, 0, 0
2025-08-18, 0, 0
2025-08-19, 0, 0
2025-08-20, 0, 0
2025-08-21, 0, 0
2025-08-22, 0, 0
2025-08-23, 0, 0
2025-08-24, 0, 0
2025-08-25, 0, 0
2025-08-26, 0, 0
2025-08-27, 0, 0
2025-08-28, 0, 0
2025-08-29, 0, 0
2025-08-30, 0, 0
2025-08-31, 0, 0
2025-09-01, 0, 0
2025-09-02, 0, 0
2025-09-03, 0, 0
2025-09-04, 0, 0
2025-09-05, 0, 0
2025-09-06, 0, 0
2025-09-07, 0, 0
2025-09-08, 0, 0
2025-09-09, 0, 0
2025-09-10, 0, 0
2025-09-11, 0, 0
2025-09-12, 0, 0
2025-09-13, 0, 0
2025-09-14, 0, 0
2025-09-15, 0, 0
2025-09-16, 0, 0
2025-09-17, 0, 0
2025-09-18, 0, 0
2025-09-19, 0, 0
2025-09-20, 0, 0
2025-09-21, 0, 0
2025-09-22, 0, 0
2025-09-23, 0, 0
2025-09-24, 0, 0
2025-09-25, 0, 0
2025-09-26, 1, 0
2025-09-27, 1, 0
2025-09-28, 1, 0
2025-09-29, 1, 0
2025-09-30, 1, 0
2025-10-01, 1, 0
2025-10-02, 1, 0
2025-10-03, 1, 0
2025-10-04, 1, 0
2025-10-05, 1, 0
2025-10-06, 1, 0
2025-10-07, 1, 0
2025-10-08, 1, 0
2025-10-09, 0, 0
2025-10-10, 0, 0
2025-10-11, 1, 0
2025-10-12, 2, 0
2025-10-13, 2, 2
2025-10-14, 2, 2
2025-10-15, 2, 2
2025-10-16, 2, 1
2025-10-17, 1, 0
2025-10-18, 1, 0
2025-10-19, 1, 0
2025-10-20, 0, 0
2025-10-21, 0, 0
2025-10-22, 1, 0
2025-10-23, 1, 0
2025-10-24, 2, 0
2025-10-25, 2, 0
2025-10-26, 2, 0
2025-10-27, 2, 0
2025-10-28, 2, 0
2025-10-29, 2, 0
2025-10-30, 2, 0
2025-10-31, 1, 0
2025-11-01, 1, 0
2025-11-02, 1, 0
2025-11-03, 2, 0
2025-11-04, 2, 0
2025-11-05, 3, 7
2025-11-06, 3, 11
2025-11-07, 3, 12
2025-11-08, 3, 9
2025-11-09, 3, 7
2025-11-10, 3, 8
2025-11-11, 3, 10
2025-11-12, 3, 19
2025-11-13, 3, 19
2025-11-14, 3, 6
2025-11-15, 3, 6
2025-11-16, 3, 11
2025-11-17, 3, 11
2025-11-18, 3, 11
2025-11-19, 2, 11
2025-11-20, 3, 20
2025-11-21, 3, 20
2025-11-22, 3, 19
2025-11-23, 3, 19
2025-11-24, 2, 5
2025-11-25, 2, 5
2025-11-26, 2, 5
2025-11-27, 2, 5
2025-11-28, 2, 0
2025-11-29, 2, 0
2025-11-30, 2, 0
2025-12-01, 2, 0
2025-12-02, 2, 0
2025-12-03, 2, 0
2025-12-04, 2, 0
2025-12-05, 2, 0
2025-12-06, 2, 0
2025-12-07, 2, 0
2025-12-08, 2, 0
2025-12-09, 2, 0
2025-12-10, 2, 0
2025-12-11, 2, 0
2025-12-12, 2, 0
2025-12-13, 2, 6
2025-12-14, 2, 6
2025-12-15, 2, 6
2025-12-16, 2, 6
2025-12-17, 2, 6
2025-12-18, 2, 6
2025-12-19, 2, 6
2025-12-20, 2, 6
2025-12-21, 2, 110
2025-12-22, 2, 111
2025-12-23, 3, 113
2025-12-24, 3, 204
2025-12-25, 3, 114
2025-12-26, 3, 113
2025-12-27, 3, 111
2025-12-28, 3, 123
2025-12-29, 3, 129
2025-12-30, 3, 130
2025-12-31, 3, 131
2026-01-01, 3, 144
2026-01-02, 3, 138
2026-01-03, 3, 138
2026-01-04, 3, 138
2026-01-05, 3, 55
2026-01-06, 3, 55
2026-01-07, 3, 55
2026-01-08, 3, 55
2026-01-09, 3, 55
2026-01-10, 3, 55
2026-01-11, 3, 54
2026-01-12, 3, 54
2026-01-13, 3, 32
2026-01-14, 3, 32
2026-01-15, 3, 32
2026-01-16, 3, 32
2026-01-17, 3, 8316
2026-01-18, 3, 8316
2026-01-19, 3, 8549
2026-01-20, 3, 8549
2026-01-21, 3, 8805
2026-01-22, 3, 8937
2026-01-23, 3, 9278
2026-01-24, 3, 9622
2026-01-25, 3, 9610
2026-01-26, 3, 8156
2026-01-27, 3, 7616
2026-01-28, 3, 7739
2026-01-29, 3, 7650
2026-01-30, 3, 7650
2026-01-31, 3, 9321
2026-02-01, 3, 9895
2026-02-02, 3, 9635
2026-02-03, 3, 9721
2026-02-04, 3, 2476
2026-02-05, 3, 641
2026-02-06, 3, 641
2026-02-07, 3, 641
2026-02-08, 3, 642
2026-02-09, 3, 1213
2026-02-10, 3, 1213
2026-02-11, 3, 1213
2026-02-12, 3, 12202
2026-02-13, 3, 13727
2026-02-14, 3, 13726
2026-02-15, 3, 8538
2026-02-16, 3, 7336
2026-02-17, 3, 7336
2026-02-18, 3, 10728
2026-02-19, 3, 11930
2026-02-20, 3, 11930
2026-02-21, 3, 5454
2026-02-22, 3, 4599
2026-02-23, 3, 4606
2026-02-24, 3, 4777
2026-02-25, 2, 4777
2026-02-26, 2, 4778
2026-02-27, 2, 4770
2026-02-28, 3, 2286
2026-03-01, 3, 8098
2026-03-02, 3, 8098
2026-03-03, 3, 11343
2026-03-04, 3, 12549
2026-03-05, 3, 16035
2026-03-06, 3, 16035
2026-03-07, 3, 19474
2026-03-08, 3, 11924
2026-03-09, 3, 14384
2026-03-10, 3, 14384
2026-03-11, 3, 13912
2026-03-12, 3, 11643
2026-03-13, 3, 11643
2026-03-14, 3, 11643
2026-03-15, 3, 8718
2026-03-16, 3, 7403
2026-03-17, 3, 7755
2026-03-18, 3, 12177
2026-03-19, 3, 66796
2026-03-20, 3, 70087
2026-03-21, 4, 74500
2026-03-22, 4, 79745
2026-03-23, 4, 87633
2026-03-24, 4, 93679
2026-03-25, 4, 95490
2026-03-26, 4, 90157
2026-03-27, 4, 104291
2026-03-28, 4, 106850
2026-03-29, 4, 110118
2026-03-30, 4, 114427
2026-03-31, 4, 114691
2026-04-01, 4, 129933
2026-04-02, 4, 130143
2026-04-03, 4, 138049
2026-04-04, 4, 142437
2026-04-05, 4, 151047
2026-04-06, 4, 159873
2026-04-07, 4, 159755